<?xml version="1.0" encoding="UTF-8"?>
<beans xmlns="http://www.springframework.org/schema/beans"
	xmlns:xsi="http://www.w3.org/2001/XMLSchema-instance"
	xmlns:tx="http://www.springframework.org/schema/tx"
	xmlns:aop="http://www.springframework.org/schema/aop"
	xsi:schemaLocation="
		http://www.springframework.org/schema/beans 
		http://www.springframework.org/schema/beans/spring-beans.xsd
		http://www.springframework.org/schema/aop 
		http://www.springframework.org/schema/aop/spring-aop.xsd
		http://www.springframework.org/schema/tx 
		http://www.springframework.org/schema/tx/spring-tx.xsd">

	

	<!-- Transaction 설정 -->

	<bean id="transactionManager" class="org.springframework.jdbc.datasource.DataSourceTransactionManager">
 		<property name="dataSource" ref="dataSource"/>
 	</bean>

 	 	 	

 	<!-- Transaction을 위한 AOP 설정 -->
 	<!-- 주석처리
 	<aop:config proxy-target-class="true">
		<aop:pointcut id="servicePublicMethod" expression="execution(public * com.kream.web.board..*(int))" />
		<aop:advisor advice-ref="txAdvice" pointcut-ref="servicePublicMethod" />
	</aop:config>
 -->
	

	<!-- 선언적 Transaction 설정  -->
	<!-- 
	<tx:advice id="txAdvice" transaction-manager="transactionManager">
		<tx:attributes>
			<tx:method name="getBoardContent" rollback-for="Exception" />
		</tx:attributes>    
 	</tx:advice> 	
-->

</beans>
