<?xml version="1.0" encoding="UTF-8"?>

<!DOCTYPE mapper

    PUBLIC "-//mybatis.org/DTD Mapper 3.0//EN"

    "http://mybatis.org/dtd/mybatis-3-mapper.dtd">

    

<mapper namespace="com.kream.web.board.boardMapper">


<select id="getBoardListCnt" resultType="int">
		SELECT
			count(*) as listCnt
		FROM
			TBL_BOARD
			<trim prefix="WHERE" prefixOverrides="AND|OR">
<if test="keyword != null and keyword != '' ">
			<if test="searchType=='title'">
				TITLE like CONCAT(CONCAT('%', #{keyword}), '%')
			</if>
			<if test="searchType=='content'">
				CONTENT like CONCAT(CONCAT('%', #{keyword}), '%')
			</if>
			<if test="searchType=='reg_id'">
				reg_id like CONCAT(CONCAT('%', #{keyword}), '%')
			</if>
      </if>
	</trim>
	</select>


	<select id="getBoardList" resultType="com.kream.web.board.model.BoardVO">
	<![CDATA[
		SELECT B.*
FROM
    (SELECT A.*, ROWNUM AS RNUM, (SELECT COUNT(*) FROM TBL_REPLY WHERE bid=A.BID) AS RECNT
        FROM (
                SELECT
                    *
                FROM
                    tbl_board
                    ]]>
                    <trim prefix="WHERE" prefixOverrides="AND|OR">
			<if test="searchType=='title' and keyword != null and keyword != '' ">
				TITLE like CONCAT(CONCAT('%', #{keyword}), '%')
			</if>
			<if test="searchType=='content' and keyword != null and keyword != '' ">
				CONTENT like CONCAT(CONCAT('%', #{keyword}), '%')
			</if>
			<if test="searchType=='reg_id' and keyword != null and keyword != '' ">
				reg_id like CONCAT(CONCAT('%', #{keyword}), '%')
			</if>	
		</trim>
		<![CDATA[
                ORDER BY
                    bid desc
            ) A
            WHERE ROWNUM <= #{startList}+#{listSize} ) B
WHERE B.RNUM >= #{startList}+1
]]>
	</select>

	

	<select id="getBoardContent" resultType="com.kream.web.board.model.BoardVO" parameterType="com.kream.web.board.model.BoardVO">

		SELECT
			BID, CATE_CD, TITLE, CONTENT, VIEW_CNT, REG_ID, REG_DT, EDIT_DT
		FROM

			TBL_BOARD

		WHERE

			BID = #{bid}

	</select>

	

	<insert id="insertBoard" parameterType="com.kream.web.board.model.BoardVO">

		INSERT INTO TBL_BOARD (BID, CATE_CD, TITLE, CONTENT, VIEW_CNT, REG_ID, REG_DT, EDIT_DT)

		VALUES (
			BID_SEQ.NEXTVAL

			, #{cate_cd}

			, #{title}

			, #{content}

			, 0
			
			, #{reg_id}

			, SYSDATE

			, SYSDATE

		)

	</insert>

	

	<update id="updateBoard" parameterType="com.kream.web.board.model.BoardVO">

		UPDATE TBL_BOARD SET

			CATE_CD = #{cate_cd}

			, TITLE = #{title}

			, CONTENT = #{content}

			, EDIT_DT = SYSDATE

		WHERE

			BID = ${bid}

	</update>

	

	<delete id="deleteBoard" parameterType="int">

		DELETE FROM TBL_BOARD

		WHERE BID = #{bid}

	</delete>

	

	<update id="updateViewCnt" parameterType="com.kream.web.board.model.BoardVO">

		UPDATE TBL_BOARD SET

			VIEW_CNT = VIEW_CNT + 1

		WHERE

			BID = #{bid}

	</update>

	

</mapper>



