<?xml version="1.0" encoding="UTF-8"?> 
<!DOCTYPE mapper PUBLIC "-//mybatis.org/DTD Mapper 3.0//EN" "http://mybatis.org/dtd/mybatis-3-mapper.dtd"> 
<mapper namespace="com.kream.web.menu.menuMapper"> 
<select id="getMenuList" resultType="com.kream.web.menu.model.MenuVO"> 
SELECT
 MID , CODE , CODENAME , SORT_NUM , COMMENTS
  FROM
   TBL_MENU
    ORDER BY SORT_NUM DESC, CODE ASC 
    </select>
 <insert id="insertMenu" parameterType="com.kream.web.menu.model.MenuVO"> 
 INSERT INTO TBL_MENU(MID, CODE, CODENAME, SORT_NUM, COMMENTS, REG_DT)
  VALUES 
  (
  MID_SEQ.NEXTVAL
  , #{code} 
  , #{codename} 
  , #{sort_num} 
  , #{comments} 
  , SYSDATE ) 
  </insert> 
 <update id="updateMenu" parameterType="com.kream.web.menu.model.MenuVO"> 
 UPDATE TBL_MENU SET 
 CODENAME = #{codename} 
 , COMMENTS = #{comments} 
 , SORT_NUM = #{sort_num} 
 WHERE CODE = #{code} 
 </update> 
 
 <delete id="deleteMenu" parameterType="String"> 
 DELETE FROM TBL_MENU WHERE CODE = #{code} 
 </delete>
  </mapper>