<?xml version="1.0" encoding="UTF-8"?>
<!DOCTYPE mapper
    PUBLIC "-//mybatis.org/DTD Mapper 3.0//EN"
    "http://mybatis.org/dtd/mybatis-3-mapper.dtd">

<mapper namespace="com.kream.web.board.replyMapper">

	<select id="getReplyList" resultType="com.kream.web.board.model.ReplyVO">
		SELECT
			RID
			, BID
			, CONTENT
			, REG_ID
			, REG_DT
			, EDIT_DT
		FROM
			TBL_REPLY
		WHERE
			BID = #{bid}
		ORDER BY REG_DT desc
	</select>

	<insert id="saveReply" parameterType="com.kream.web.board.model.ReplyVO">
		INSERT INTO TBL_REPLY(RID, BID, CONTENT, REG_ID, REG_DT, EDIT_DT)
		VALUES (
			RID_SEQ.NEXTVAL
			, #{bid}
			, #{content}
			, #{reg_id}
			, SYSDATE
			, SYSDATE
		)
	</insert>

	<update id="updateReply" parameterType="com.kream.web.board.model.ReplyVO">
		UPDATE TBL_REPLY SET
			CONTENT = #{content}
			, EDIT_DT = SYSDATE
		WHERE
			RID = #{rid}
	</update>

	

	<delete id="deleteReply" parameterType="int">
		DELETE FROM TBL_REPLY
		WHERE
			RID = #{rid}
	</delete>

</mapper>